dataset,new_id,split,class_id
my-raccoons.v1i.yolov11,c6b728bd-fe94-4f14-a816-92921db747a1,train,0
my-raccoons.v1i.yolov11,cbe6ea91-4dba-47b8-bc4d-daebebae8cd4,train,0
my-raccoons.v1i.yolov11,e6551361-4531-483b-a6b5-6d6d34e99911,train,0
my-raccoons.v1i.yolov11,1e52c1da-9231-449a-92ae-86955a9da328,train,0
my-raccoons.v1i.yolov11,375015b2-3504-452f-8376-c16fd75bb329,train,0
my-raccoons.v1i.yolov11,8da0a915-8d9b-4b84-b1a6-c148402f7cd9,train,0
my-raccoons.v1i.yolov11,65f2bb4f-4b9f-452a-9d53-0bd210c738b0,train,0
my-raccoons.v1i.yolov11,2c28f863-815b-4d32-a2f3-c256ec486b7b,train,0
my-raccoons.v1i.yolov11,f409b1c0-08eb-4e36-ba58-529804ed758d,train,0
my-raccoons.v1i.yolov11,40a59d3e-9273-4fe2-ba58-9a1fafabc239,train,0
my-raccoons.v1i.yolov11,404ef0d7-6994-4dee-a5c8-4be95c542b6a,train,0
my-raccoons.v1i.yolov11,fd9ab14f-3f80-4e7a-9cb5-6012902fad3d,train,0
my-raccoons.v1i.yolov11,25bfeea8-01de-44ba-a9ad-73d57dee755c,train,0
my-raccoons.v1i.yolov11,979837f1-c24d-422b-bb3a-a3583ed04d3a,train,0
my-raccoons.v1i.yolov11,beff2ffd-e903-4248-9eaf-dfce77bdb65d,train,0
my-raccoons.v1i.yolov11,e9bf9281-5884-4ca7-8cd1-3b3a791ff2db,train,0
my-raccoons.v1i.yolov11,77a48242-702d-496e-9cc7-294288c35a26,train,0
my-raccoons.v1i.yolov11,35e66169-e856-4b71-a698-445de043394d,train,0
my-raccoons.v1i.yolov11,ea58493c-b413-4618-bd80-6fa064fd34d7,train,0
my-raccoons.v1i.yolov11,7051c0b6-907d-4173-bfd6-4f1879b7e2c3,train,0
my-raccoons.v1i.yolov11,4618e298-8ef0-4cb7-9081-f754efb83144,train,0
my-raccoons.v1i.yolov11,dd01351f-434c-4bd1-858a-9d1ae8d10fd0,train,0
my-raccoons.v1i.yolov11,e266ac0c-de22-4a02-9465-6db8682e774a,train,0
my-raccoons.v1i.yolov11,011a9d11-74c1-4020-a325-ac27c0e21d19,train,0
my-raccoons.v1i.yolov11,1cd14f47-cc07-4c45-a4c4-43c0b25aacef,train,0
my-raccoons.v1i.yolov11,368ab7cf-d01a-4984-9083-a465b8fd7011,train,0
my-raccoons.v1i.yolov11,2b12eda8-1836-48ae-90a6-b20fa9ec68c0,train,0
my-raccoons.v1i.yolov11,118ef3e1-0b52-469f-b4ca-f7d293c90bc6,train,0
my-raccoons.v1i.yolov11,bb91e14d-8ea9-429b-b04f-ccaa3d158511,train,0
my-raccoons.v1i.yolov11,86196f9a-f45b-49d0-891a-7d7f4e66c7ec,train,0
my-raccoons.v1i.yolov11,4fc74f1e-78a1-4519-aa95-71df9fba51cb,train,0
my-raccoons.v1i.yolov11,dc49ef96-43d0-4450-a74e-3a0d4fe06633,train,0
my-raccoons.v1i.yolov11,de5b11fa-ad00-4e99-9663-52e80e635e88,train,0
my-raccoons.v1i.yolov11,88cf9855-415b-46cf-b7df-e52fcb79ebe0,train,0
my-raccoons.v1i.yolov11,e2803594-a0c0-464d-b46c-8130c6547bb8,train,0
my-raccoons.v1i.yolov11,e2ccd0c3-d191-42ff-9aae-8063f005277d,train,0
my-raccoons.v1i.yolov11,99f44a73-4775-4b49-8d6d-44403c4955cc,train,0
my-raccoons.v1i.yolov11,9ceb7668-2a60-4625-8164-064b9acc752d,train,0
my-raccoons.v1i.yolov11,22301439-ea86-44e3-8c5f-a979f0a47c43,train,0
my-raccoons.v1i.yolov11,c0ae54b4-e406-4cb3-8e29-de3b92fa1b5a,train,0
my-raccoons.v1i.yolov11,a10fa8cd-0f2d-4007-82fb-821c03f032f0,train,0
my-raccoons.v1i.yolov11,2c0e14f0-49c2-4c20-875f-e233cd68b36d,train,0
my-raccoons.v1i.yolov11,31f338d6-4721-430f-87e0-ee54b21e4ea7,train,0
my-raccoons.v1i.yolov11,2cc58e3c-4a02-457c-a987-d979aefe93c3,train,0
my-raccoons.v1i.yolov11,fbf4b684-d175-4bc9-9184-72c2a63aba18,train,0
my-raccoons.v1i.yolov11,b87ca50d-47d0-45e1-bb34-cd219cb76c46,train,0
my-raccoons.v1i.yolov11,b1dbd3ba-9050-4377-ab3a-ed0b3d8bedeb,train,0
my-raccoons.v1i.yolov11,ddfd5247-ff3d-409b-85ae-73477d4c2021,train,0
my-raccoons.v1i.yolov11,0c7c1a34-f741-473d-a432-7d92c1143255,train,0
my-raccoons.v1i.yolov11,f727aa11-26d1-4126-81b6-53fd9252d7dc,train,0
my-raccoons.v1i.yolov11,c0ed4882-a9af-44e0-87cf-c67a0e7eb314,train,0
my-raccoons.v1i.yolov11,07e9382c-3f2b-47d7-8f3f-ec9240ee13b9,train,0
my-raccoons.v1i.yolov11,a65b0f62-9ff4-4f8e-821c-8b431348abac,train,0
my-raccoons.v1i.yolov11,2f50a451-022d-4827-982b-ad594d51f7ab,train,0
my-raccoons.v1i.yolov11,44d73a69-8d14-4866-9e80-c248846f3e1d,train,0
my-raccoons.v1i.yolov11,17f403a5-a12e-4e56-b57b-609963e19ed0,train,0
my-raccoons.v1i.yolov11,d0da75ca-645f-4afe-9dff-6131cf5f3fe1,train,0
my-raccoons.v1i.yolov11,2dd0bbef-e1f9-4b46-8d54-dfb8cfc013de,train,0
my-raccoons.v1i.yolov11,9ea2e5eb-a42a-4ce2-81e5-8e3aafe719cf,train,0
my-raccoons.v1i.yolov11,1150c730-4113-4478-b50e-a6f92c80dfd1,train,0
my-raccoons.v1i.yolov11,ed9c3c18-ef32-43f7-81ad-cfc39e7a0656,train,0
my-raccoons.v1i.yolov11,d423e991-aff5-4599-8928-0644792d1251,train,0
my-raccoons.v1i.yolov11,4894bb61-12a9-45ba-b73e-00e6c8c7d05b,train,0
my-raccoons.v1i.yolov11,a16d3269-a09b-4502-a9f8-0008459a5275,train,0
my-raccoons.v1i.yolov11,4fdedf3f-9a31-47d9-a423-82c3766d36d8,train,0
my-raccoons.v1i.yolov11,5606f68b-002b-4e81-89a8-7236d412c677,train,0
my-raccoons.v1i.yolov11,b988c10d-6b33-417c-9e39-dd7070aec06e,train,0
my-raccoons.v1i.yolov11,97a2bb53-f68a-4dec-ba89-474e9a7fbf33,train,0
my-raccoons.v1i.yolov11,f309ad79-6856-4a41-b5f5-12bc2da8bd66,train,0
my-raccoons.v1i.yolov11,a00dad45-5f94-4008-91a6-9b833b9c3e3e,train,0
my-raccoons.v1i.yolov11,803a26de-8548-4da2-b236-66aea24ecbbc,train,0
my-raccoons.v1i.yolov11,a3573ae1-ab7a-4384-9982-d264c5fab19a,train,0
my-raccoons.v1i.yolov11,554415e8-682b-42e5-8c7d-8c8f3f13acfd,train,0
my-raccoons.v1i.yolov11,9fa7d682-608c-4bf8-acbc-3a0ba521b0aa,train,0
my-raccoons.v1i.yolov11,f9e06c34-ff79-4b54-ab70-c7e34eb39ada,train,0
my-raccoons.v1i.yolov11,bac306a2-3682-4a2e-b408-fa2a2d9d6b5a,train,0
my-raccoons.v1i.yolov11,31230c38-eab5-4429-9989-f5adcedef522,train,0
my-raccoons.v1i.yolov11,48367960-6467-49a4-8ba0-38a74a926c4c,train,0
my-raccoons.v1i.yolov11,173e4386-c7fa-4881-a316-9d3118567fbe,train,0
my-raccoons.v1i.yolov11,418414da-c1aa-48a9-9398-4dce988bb551,train,0
my-raccoons.v1i.yolov11,683238c5-5e4a-4f34-926f-bb17f632200e,train,0
my-raccoons.v1i.yolov11,a124c2a6-fbe0-4d78-959b-e9afc3defa49,train,0
my-raccoons.v1i.yolov11,140db0fb-d4a4-4e2d-b102-d5a52be788f9,train,0
my-raccoons.v1i.yolov11,ed365dc3-73ad-48f7-97e8-81e0de9b3cdf,train,0
my-raccoons.v1i.yolov11,b01cce19-20d0-48a8-bd72-2c7b9e9ee26b,train,0
my-raccoons.v1i.yolov11,96b58020-80fe-4219-a5a3-256dd1eee998,train,0
my-raccoons.v1i.yolov11,5d618c7e-572c-4465-a4d4-eecb28fcfee3,train,0
my-raccoons.v1i.yolov11,130d905f-462c-4894-a9de-5443a66d826d,train,0
my-raccoons.v1i.yolov11,6ecb6afd-0e5f-47f7-af83-9e37c12c8385,train,0
my-raccoons.v1i.yolov11,9d36a6bc-7c21-47ab-9c23-2eadd30db178,train,0
my-raccoons.v1i.yolov11,7f017b60-bfbb-48c3-84a1-4916b66d1753,train,0
my-raccoons.v1i.yolov11,961ef6b5-ddc6-46f4-8daf-38e9e5c3d24a,train,0
my-raccoons.v1i.yolov11,227a8c27-483e-4339-ae4d-838af594cb80,train,0
my-raccoons.v1i.yolov11,36d17962-9dcf-4fd6-8dbe-c36b50b0d4e9,train,0
my-raccoons.v1i.yolov11,f1491308-5c7e-44e4-b8ed-f2ed35e0422f,train,0
my-raccoons.v1i.yolov11,ab868add-a318-4e1a-9ed4-ddad5652dbd5,train,0
my-raccoons.v1i.yolov11,052c75b2-74bd-4487-bc94-9b9dfb72edc3,train,0
my-raccoons.v1i.yolov11,101f0849-6428-48b6-8ce0-8181d663d0f7,train,0
my-raccoons.v1i.yolov11,2f5279ec-6b2f-4ad4-89cf-5f4f7f106e68,train,0
my-raccoons.v1i.yolov11,4acdab7d-abb0-41da-90e7-8cd5deb2e286,train,0
my-raccoons.v1i.yolov11,12c3cc2c-5737-4b1d-9b57-3fe64ef8cec0,train,0
my-raccoons.v1i.yolov11,e13c3d5b-794c-43b0-95e4-2ffee7d8869f,train,0
my-raccoons.v1i.yolov11,c3db5aef-f629-4280-9998-9f4cee8e9784,train,0
my-raccoons.v1i.yolov11,ac9a1636-288a-4b79-9a9c-245ace2b949f,train,0
my-raccoons.v1i.yolov11,82a3c817-5c0d-4ee4-81f8-3356fd470aef,train,0
my-raccoons.v1i.yolov11,9e90e163-62bb-41c2-afb3-fb36643202c7,train,0
my-raccoons.v1i.yolov11,cde1c52e-a398-42ff-9043-c85bc0a3b789,train,0
my-raccoons.v1i.yolov11,c5c0e2b6-8b11-4f56-bd6f-bb7f51024cde,train,0
my-raccoons.v1i.yolov11,dcccbe93-e811-4729-8f8d-f28d2f8d6de2,train,0
my-raccoons.v1i.yolov11,76b1b025-9dff-4f9e-af69-0fbfd3bf1b05,train,0
my-raccoons.v1i.yolov11,1f4bdacf-fb25-4efb-aaf5-180edb2866a6,train,0
my-raccoons.v1i.yolov11,db949997-7652-4499-9833-0fa43751a458,train,0
my-raccoons.v1i.yolov11,e1cf2194-1c9d-45f1-b86f-cbf29832d673,train,0
my-raccoons.v1i.yolov11,1decb2b9-c8d9-4c0d-8c1f-f8db4cbbdb26,train,0
my-raccoons.v1i.yolov11,838f41c9-9522-4db9-ae2b-0a99c08cd22c,train,0
my-raccoons.v1i.yolov11,3fe96acb-fcb6-42b2-8d6f-6791afa45d64,train,0
my-raccoons.v1i.yolov11,fa6e490a-1dc6-4525-a6e8-24cbae55c6ab,train,0
my-raccoons.v1i.yolov11,63e3b4dd-e467-4d88-a8d6-e6052ef39512,train,0
my-raccoons.v1i.yolov11,267fba68-6da3-44df-a2e9-ff19b31e5c1a,train,0
my-raccoons.v1i.yolov11,de73e1bf-8a02-478c-bdeb-b7de00fdfd46,train,0
my-raccoons.v1i.yolov11,b325f42c-0845-4e56-851e-9d993030fdb0,train,0
my-raccoons.v1i.yolov11,a15979d9-86c5-4c9b-80e9-479fd468637d,train,0
my-raccoons.v1i.yolov11,edfd3dbd-2a11-422f-a627-d3b211f64310,train,0
my-raccoons.v1i.yolov11,08164f1a-c3f4-465d-86d9-4a45f4422ac6,train,0
my-raccoons.v1i.yolov11,f2b5c4bb-9dc6-4c8e-9810-4befb8cef8ef,train,0
my-raccoons.v1i.yolov11,0235391b-f0f3-4485-82ad-eae9da6c198b,train,0
my-raccoons.v1i.yolov11,fb60361d-9dd5-48ee-a4ab-e0e115eef2ce,train,0
my-raccoons.v1i.yolov11,e9a0f7c4-2611-4b28-a74e-e7991694435e,train,0
my-raccoons.v1i.yolov11,197f7f87-0fdb-4a75-b903-f1c2c1be3b2e,train,0
my-raccoons.v1i.yolov11,5a3a5243-2910-44c3-85c9-7c2a73cee270,train,0
my-raccoons.v1i.yolov11,ddad559f-a3d2-471e-83b9-b2f5b8f0ef79,train,0
my-raccoons.v1i.yolov11,3a309fc1-9ef9-48f7-a9a8-9c831f781c9b,train,0
my-raccoons.v1i.yolov11,11bf50d7-a3c9-4f20-9420-063555415f55,train,0
my-raccoons.v1i.yolov11,72f946c2-0680-4140-94ed-9f11b0d0044b,train,0
my-raccoons.v1i.yolov11,bc7e00b3-29b7-4c94-aea6-3b5c27b40175,train,0
my-raccoons.v1i.yolov11,8ae2b4c9-a2fa-45c4-bbff-5b248ff3a2e4,train,0
my-raccoons.v1i.yolov11,384b2d90-ccee-4f0e-9e25-e310b9e85647,train,0
my-raccoons.v1i.yolov11,7c22cc1c-b4ac-4811-8f92-bd1a54f54b00,train,0
my-raccoons.v1i.yolov11,935beec2-b34f-42c7-9b7c-e933ca989ca7,train,0
my-raccoons.v1i.yolov11,78279918-3fb3-46f3-a183-b32ffd75777d,train,0
my-raccoons.v1i.yolov11,71685fbe-e4b0-460c-b880-680525e44830,train,0
my-raccoons.v1i.yolov11,cfe46199-7c70-435c-9602-23d04804291f,train,0
my-raccoons.v1i.yolov11,e7cf9e13-61a6-479d-9208-0b52380efa2e,train,0
my-raccoons.v1i.yolov11,434e4f90-ca04-4eab-9c3c-f92fa3c3e11b,train,0
my-raccoons.v1i.yolov11,15ae2efc-f5a3-44a3-a881-13d71168a45b,train,0
my-raccoons.v1i.yolov11,63882bae-5640-4493-a27f-2754d396a16a,train,0
my-raccoons.v1i.yolov11,984ab8c2-a19d-426b-a8ee-6442b8815254,train,0
my-raccoons.v1i.yolov11,54a6bdbf-578b-4c55-8705-7eba24f98367,train,0
my-raccoons.v1i.yolov11,900991ad-57a8-4c30-9b0b-ae8b76cec707,train,0
my-raccoons.v1i.yolov11,e9157162-bd4f-4f34-a8c1-08acc8762fc3,train,0
my-raccoons.v1i.yolov11,d3c08ef9-f115-4bfb-a892-486f427b26e5,train,0
my-raccoons.v1i.yolov11,80172e42-1fed-4200-956a-0e90064a1255,train,0
my-raccoons.v1i.yolov11,8072af0a-8267-4343-b223-77d57560f122,train,0
my-raccoons.v1i.yolov11,c25a0c7c-9e05-4145-b8ce-9772e75147f9,train,0
my-raccoons.v1i.yolov11,eef16772-eb01-4980-9bde-77a1e2b99d3e,train,0
my-raccoons.v1i.yolov11,61c7ff6f-05e5-4003-97a6-658b41de95fe,train,0
my-raccoons.v1i.yolov11,da09f687-405b-43bc-a3dd-fabfb8c3b9b3,train,0
my-raccoons.v1i.yolov11,81cd4122-7036-4825-8d74-44c1f609c452,train,0
my-raccoons.v1i.yolov11,05785281-4180-4a0e-ae95-ec700e82d754,train,0
my-raccoons.v1i.yolov11,bbafb9f1-b575-47d2-ac0a-5bca4d4e2b89,train,0
my-raccoons.v1i.yolov11,a9120568-2061-4fab-bf4e-aeba44884c4a,train,0
my-raccoons.v1i.yolov11,99e14b40-f57e-4020-928c-71a3a6e20fdc,train,0
my-raccoons.v1i.yolov11,8bdb8425-2e7a-4324-8722-32ba42ba60c8,train,0
my-raccoons.v1i.yolov11,49b19e71-95a9-4822-869e-6c7852adc754,train,0
my-raccoons.v1i.yolov11,1565b12a-c98a-47f8-9dd2-a7e1560eeee6,train,0
my-raccoons.v1i.yolov11,2afc9011-d10f-443e-aec1-5ccefc2c74c0,train,0
my-raccoons.v1i.yolov11,dca36c1b-00cd-47e4-8f88-ce151683d9ea,train,0
my-raccoons.v1i.yolov11,3e6e4c03-e4a8-4f51-b039-09c3f5377eba,train,0
my-raccoons.v1i.yolov11,745fa150-db1f-4d54-a2e7-10ec95d93020,train,0
my-raccoons.v1i.yolov11,cf1a92d6-6606-463d-9bb4-14ac42e490af,train,0
my-raccoons.v1i.yolov11,a0853e80-81e7-447b-b2da-34344762df6e,train,0
my-raccoons.v1i.yolov11,4716a488-0d56-4c43-8ef3-a39f0236998b,train,0
my-raccoons.v1i.yolov11,38982bf7-a743-48d4-9821-7b810413714f,train,0
my-raccoons.v1i.yolov11,f3892092-8906-44bf-aff3-93ad91eba8d7,train,0
my-raccoons.v1i.yolov11,863b1ce5-0431-4528-9f3c-2283743f8dc0,train,0
my-raccoons.v1i.yolov11,9c5f14cb-f148-4fdc-a1c5-24772c0ec233,train,0
my-raccoons.v1i.yolov11,f6dde9a9-9e0f-4112-9ea4-fa632c8d351c,train,0
my-raccoons.v1i.yolov11,339dcf7d-aa30-4a3b-bee0-a44269f02b83,train,0
my-raccoons.v1i.yolov11,7b15fb08-ba95-4d3f-a836-47eadb1598de,train,0
my-raccoons.v1i.yolov11,436b9941-9832-4fa4-8ef8-b100d1580090,train,0
my-raccoons.v1i.yolov11,b96132a2-9c82-4af5-9a73-1081f4c694c9,train,0
my-raccoons.v1i.yolov11,90fcd835-621e-4318-a664-ef691baf649f,train,0
my-raccoons.v1i.yolov11,59ba3693-4f8c-4a09-83ab-a72481a76361,train,0
my-raccoons.v1i.yolov11,6e9ed045-18da-4422-be92-1d8175f3337c,train,0
my-raccoons.v1i.yolov11,25fd7566-4a74-43cc-9374-300f9b9f264f,train,0
my-raccoons.v1i.yolov11,f64655d0-9378-46cd-92ad-c0a101d188af,train,0
my-raccoons.v1i.yolov11,db8d66fe-94ac-40e9-a0a0-eba2d4c2e8b8,train,0
my-raccoons.v1i.yolov11,81276138-85d9-4cbf-8f7d-4b170e025cb9,train,0
my-raccoons.v1i.yolov11,a58592f5-7413-46ea-b630-c696beeff8c2,train,0
my-raccoons.v1i.yolov11,a0c24dd9-041e-4ac1-b9c4-ae2f73f73601,train,0
my-raccoons.v1i.yolov11,e89c80e8-96f2-4318-b494-34e2ed86186d,train,0
my-raccoons.v1i.yolov11,493d26ac-5d1f-4153-83d8-66ff6b125cb7,train,0
my-raccoons.v1i.yolov11,fa6dc34a-30b5-41cd-af43-da0dc5bbd062,train,0
my-raccoons.v1i.yolov11,acaaa055-8b4f-43d7-8e41-71328b8e847c,train,0
my-raccoons.v1i.yolov11,3538015c-e4b6-412d-ba0c-57ef1e58e2a2,train,0
my-raccoons.v1i.yolov11,824e0edc-fc37-47ab-9e8c-3635cd50dfac,train,0
my-raccoons.v1i.yolov11,39717b46-cd3d-44b9-983b-1648942d6f54,train,0
my-raccoons.v1i.yolov11,155429f9-84ba-4d25-87fc-bf8358b50b94,train,0
my-raccoons.v1i.yolov11,156bfc21-8c57-4018-bf09-9f98942c8b34,train,0
my-raccoons.v1i.yolov11,0438c8ac-273a-4e1a-ab16-d9c9680519c4,train,0
my-raccoons.v1i.yolov11,2f863399-97aa-4e9b-8346-a9dbcc5a8e7b,train,0
my-raccoons.v1i.yolov11,8bf1ffcb-20a5-413a-aeb7-f3fd3dc15124,train,0
my-raccoons.v1i.yolov11,23d81d68-cc63-4523-bc04-9542e8cb2e97,train,0
my-raccoons.v1i.yolov11,c6c2c31e-9fcd-46c4-8a76-7dba4dc6d80e,train,0
my-raccoons.v1i.yolov11,a1d14fb4-63c1-4b3b-bb2a-5415dbb05035,train,0
my-raccoons.v1i.yolov11,20dc5365-1d0f-496f-aa4f-af0a53bf071d,train,0
my-raccoons.v1i.yolov11,ed100e35-392f-4c6b-9b42-fdd81dd63359,train,0
my-raccoons.v1i.yolov11,38fc7766-8b15-4df7-a09c-9bdcb6fbb8fc,train,0
my-raccoons.v1i.yolov11,810173d5-c0ab-4864-bd7f-b275d410ee4e,train,0
my-raccoons.v1i.yolov11,b265d6e7-95c7-42e7-b64a-415c3d1a2390,train,0
my-raccoons.v1i.yolov11,9f7efd4a-d733-466c-8e4d-0c8f58a5b14a,train,0
my-raccoons.v1i.yolov11,d7cbbfd6-3be2-4cd0-b7cb-068737000914,train,0
my-raccoons.v1i.yolov11,b805e904-38e5-4398-a388-d45ecf005d99,train,0
my-raccoons.v1i.yolov11,9bdf7908-2c4d-47b2-a2d4-8943c14b43ed,train,0
my-raccoons.v1i.yolov11,46e42cb6-5f18-4e6b-97b0-b289e5bbad64,train,0
my-raccoons.v1i.yolov11,2875414b-0c00-4dab-8fe5-3b523510a56c,train,0
my-raccoons.v1i.yolov11,6b531d36-e64f-4ec5-83a8-60966e380ffd,train,0
my-raccoons.v1i.yolov11,018acd71-8a4c-481c-91e2-6059a1fec1e3,train,0
my-raccoons.v1i.yolov11,85d8e112-6c87-4219-87cd-91d28da8e5b4,train,0
my-raccoons.v1i.yolov11,67eaf2ba-58c1-4e59-aaa3-49ea44e6e459,train,0
my-raccoons.v1i.yolov11,0e403052-4997-474e-b74a-6558dde16b1f,train,0
my-raccoons.v1i.yolov11,996ffbdf-4166-4911-95d8-df0133eafa30,train,0
my-raccoons.v1i.yolov11,7d7e8bbf-3208-48aa-917d-a02f37396e04,train,0
my-raccoons.v1i.yolov11,3020f817-1101-44d4-afcd-eae234f28b54,train,0
my-raccoons.v1i.yolov11,ac84c28c-3a5d-42cf-950d-ce978670731a,train,0
my-raccoons.v1i.yolov11,02aff192-299f-46b0-b192-59f038648b7e,train,0
my-raccoons.v1i.yolov11,3237f3ec-a990-40b7-b8a2-958d76051f47,train,0
my-raccoons.v1i.yolov11,38374902-2b26-463f-a434-22f0f9059c3a,train,0
my-raccoons.v1i.yolov11,6e8a4220-fcc8-4d33-9da9-41309f65c81d,train,0
my-raccoons.v1i.yolov11,df633d4c-15f5-4e89-95d7-a294df85f906,train,0
my-raccoons.v1i.yolov11,0cad479f-2a08-4ea7-80a8-a1036c0ea025,train,0
my-raccoons.v1i.yolov11,a9769f74-49d0-4d17-abb0-034dabb6f504,train,0
my-raccoons.v1i.yolov11,d1b0890c-c6e5-46e6-871d-1b46225c769a,train,0
my-raccoons.v1i.yolov11,30dc1560-c99d-4928-a4f4-e6f350c027ec,train,0
my-raccoons.v1i.yolov11,0ee6f1ac-5fcc-4967-a697-01ff20dea077,train,0
my-raccoons.v1i.yolov11,ae07185b-4972-4664-93ab-f18483fce828,train,0
my-raccoons.v1i.yolov11,69fca873-f0f6-4451-af00-c84944ebf900,train,0
my-raccoons.v1i.yolov11,7a206fb5-b102-446b-990e-a0f8bd9233d4,train,0
my-raccoons.v1i.yolov11,01ba8dde-4382-4cc3-9bff-b2ed9186d880,train,0
my-raccoons.v1i.yolov11,2062a5b6-fb16-4a95-8bbf-bb64512a7548,train,0
my-raccoons.v1i.yolov11,b8947d82-2fc9-4899-a143-9d9052271659,train,0
my-raccoons.v1i.yolov11,2187b490-7f7e-4af0-8f51-c5c500d2892b,train,0
my-raccoons.v1i.yolov11,acd0442c-a796-4747-9bb2-6ea3a973d1f3,train,0
my-raccoons.v1i.yolov11,c95ae755-f553-4f3b-8f38-9d81278cec16,train,0
my-raccoons.v1i.yolov11,63c18ae0-16c0-49c8-82fe-a475fd363e17,train,0
my-raccoons.v1i.yolov11,b2dfe81f-bebf-44e5-9e1d-097081444d76,train,0
my-raccoons.v1i.yolov11,243f22f6-ea82-4a64-bb0a-d9126cf8e275,train,0
my-raccoons.v1i.yolov11,89f3a43d-2c03-4903-8531-ce12baa5fef9,train,0
my-raccoons.v1i.yolov11,e4a06172-521e-40e2-bc51-75076c5fc2de,train,0
my-raccoons.v1i.yolov11,35b34fbe-b824-437a-bbf5-9ace39f98593,train,0
my-raccoons.v1i.yolov11,ac6d0ade-58c3-40f0-9da7-bdbf85106d0f,train,0
my-raccoons.v1i.yolov11,62dba872-60e5-4fd6-8eda-a439ff3812fe,train,0
my-raccoons.v1i.yolov11,05083104-3ab2-477d-b2df-7d8c75e358ab,train,0
my-raccoons.v1i.yolov11,18979803-1712-41d4-8d84-9d2c2ded8d11,train,0
my-raccoons.v1i.yolov11,e2c7ddda-2b3b-478c-bcbb-36b5fbe29856,train,0
my-raccoons.v1i.yolov11,878754db-2052-4623-9c49-f00c92c1a19b,train,0
my-raccoons.v1i.yolov11,71272f13-1777-41d3-9988-f7d87713ac13,train,0
my-raccoons.v1i.yolov11,0177f402-e203-4919-aaea-426a1ec7a696,train,0
my-raccoons.v1i.yolov11,14d9e596-be95-4ac4-9a48-03a3923eb9f9,train,0
my-raccoons.v1i.yolov11,0d03900e-4eb3-4cd7-a0d0-a46f34783433,train,0
my-raccoons.v1i.yolov11,d0f5aa52-57ce-42fc-b070-61f540027da8,train,0
my-raccoons.v1i.yolov11,d3ebda82-1e84-4451-a451-ad985ba964f6,train,0
my-raccoons.v1i.yolov11,6a25e155-1422-4225-9cb8-df6014536deb,train,0
my-raccoons.v1i.yolov11,1a2ff90f-a8bf-445c-b591-d511b5156b93,train,0
my-raccoons.v1i.yolov11,63545127-a2ad-43a7-ba8e-b1242fc8e75b,train,0
my-raccoons.v1i.yolov11,dac847ee-584a-4ee1-86c8-d601d3582270,train,0
my-raccoons.v1i.yolov11,7ea8a952-9bbc-4f76-a9aa-dbd2bc72fdff,train,0
my-raccoons.v1i.yolov11,640991ca-2b0b-4592-9878-0704c1a6f9c5,train,0
my-raccoons.v1i.yolov11,978ce47c-1817-4596-b59f-123e5396daaa,train,0
my-raccoons.v1i.yolov11,ae79ae8c-c2a3-426a-83ae-661ce40fc392,train,0
my-raccoons.v1i.yolov11,28e92a9b-598e-4ed8-8500-05280eb7c5ac,train,0
my-raccoons.v1i.yolov11,c0f5f9cb-2e56-492e-95ab-81672d57bd4b,train,0
my-raccoons.v1i.yolov11,f2fb9d65-6cb1-4a46-935e-0913347b9b10,train,0
my-raccoons.v1i.yolov11,d7cdb7f6-ecf4-4a65-b0f5-16fb96a56ce1,train,0
my-raccoons.v1i.yolov11,a9afd323-a1a3-4b53-84bf-ce03344e322f,train,0
my-raccoons.v1i.yolov11,5eb1a238-1c42-4d28-9f96-83a377eea93d,train,0
my-raccoons.v1i.yolov11,c473662c-9107-484e-8399-f36513702b83,train,0
my-raccoons.v1i.yolov11,9843bea0-4718-4903-9432-335a47bb3eb7,train,0
my-raccoons.v1i.yolov11,e8968411-04a7-488c-be3f-33d657f2a7ed,train,0
my-raccoons.v1i.yolov11,fd6eaa84-9149-4bdc-874b-993ee2d676d8,train,0
my-raccoons.v1i.yolov11,fa14d9db-253b-4da6-b15f-b5ec44b06e82,train,0
my-raccoons.v1i.yolov11,0e3600da-89ba-4b59-9c70-c3023ec35467,train,0
my-raccoons.v1i.yolov11,8175c61b-5129-4a3a-917c-cc5ce5774963,train,0
my-raccoons.v1i.yolov11,464c5ad0-b7e1-4d4c-8dac-83b7f55557b4,train,0
my-raccoons.v1i.yolov11,879c0086-a43c-4582-9bec-51c4b0281c73,train,0
my-raccoons.v1i.yolov11,145753d7-d21b-47ef-a9f1-b35dff530fe3,train,0
my-raccoons.v1i.yolov11,0adcfba2-1961-4f4f-835f-c498f7d526e2,train,0
my-raccoons.v1i.yolov11,accc1e37-df85-47fd-bbe1-df36fba8796c,train,0
my-raccoons.v1i.yolov11,a00f06b1-c078-4740-a31d-8102ad8b76a6,train,0
my-raccoons.v1i.yolov11,1fd3c876-f006-443d-83e2-3f0e11858690,train,0
my-raccoons.v1i.yolov11,555595af-f5ab-472c-b58e-263b25fb9501,train,0
my-raccoons.v1i.yolov11,aa971916-2fd8-4641-bf2c-94e88a1498d6,train,0
my-raccoons.v1i.yolov11,a4be0aeb-d882-41ea-b888-2585da8e58c8,train,0
my-raccoons.v1i.yolov11,a0a9b98d-dbeb-436e-a480-5d5f6a322230,train,0
my-raccoons.v1i.yolov11,c958a63e-4633-4ca2-b3fd-f7a72205b46e,train,0
my-raccoons.v1i.yolov11,f01036f2-ec77-4ca9-9e21-a868d3f312fe,train,0
my-raccoons.v1i.yolov11,7e41ddcd-6d8f-4782-a280-434f361d818f,train,0
my-raccoons.v1i.yolov11,9a5841ba-ea1b-49f9-9841-f63d20be9564,train,0
my-raccoons.v1i.yolov11,e33749a4-d699-4993-a06f-b5d23fd7f430,train,0
my-raccoons.v1i.yolov11,1928d608-ca77-4cb6-b359-8fc2cca15495,train,0
my-raccoons.v1i.yolov11,237a12c6-aa7c-42db-b2db-0fa8204f3119,train,0
my-raccoons.v1i.yolov11,71ac9fb5-f6f5-4f89-916f-3ddf5db16b79,train,0
my-raccoons.v1i.yolov11,ecfb2489-4174-4d9e-afe8-e84bfc29084f,train,0
my-raccoons.v1i.yolov11,73ee7ca9-267a-42db-8ce8-388f38b2e35c,train,0
my-raccoons.v1i.yolov11,5c7b4043-712e-4b44-a44c-573093e92c49,train,0
my-raccoons.v1i.yolov11,f302d2c3-ec6a-4620-a8ad-600962832257,train,0
my-raccoons.v1i.yolov11,522328e8-8dcc-4de9-abbe-54b6f30f6646,train,0
my-raccoons.v1i.yolov11,112f62ef-7382-4173-a42a-c547d4312d97,train,0
my-raccoons.v1i.yolov11,8bc27d6b-a4b1-4338-8835-e54f727fc0b0,train,0
my-raccoons.v1i.yolov11,7b916808-ede0-4789-87e6-6a6c7d719f80,train,0
my-raccoons.v1i.yolov11,1e7aadaa-3d46-408a-9b49-885d82bae753,train,0
my-raccoons.v1i.yolov11,9ba3603d-58e5-4bdb-98e3-05a9696f676e,train,0
my-raccoons.v1i.yolov11,48e9dc71-6f59-419a-bc73-61708f2fcdd7,train,0
my-raccoons.v1i.yolov11,dbcdcdb6-49ae-4c83-baf0-afe385696a09,train,0
my-raccoons.v1i.yolov11,ca2ea5be-4beb-4074-b670-44ad19c0c498,train,0
my-raccoons.v1i.yolov11,8771e3e1-f17b-4f58-92d9-763fc6bb7b82,train,0
my-raccoons.v1i.yolov11,75a51c1a-f58b-415a-8ee1-73cf15d2f971,train,0
my-raccoons.v1i.yolov11,36114864-f8cb-4aa6-95ef-2cf9f78a854f,train,0
my-raccoons.v1i.yolov11,3ba85ed9-e4b9-4d79-8894-ee640444c6e8,train,0
my-raccoons.v1i.yolov11,d556aa88-4fe9-4335-9f41-52bea3956933,train,0
my-raccoons.v1i.yolov11,e1ccf81c-9653-4a21-9ab0-cbc2b21e2b63,train,0
my-raccoons.v1i.yolov11,289e3a9a-1fa1-49b0-8328-f6bde600aded,train,0
my-raccoons.v1i.yolov11,bf3300f9-db21-40b3-8608-486617cd01a1,train,0
my-raccoons.v1i.yolov11,d54a1deb-47c5-4835-8525-7ad261aac8e1,train,0
my-raccoons.v1i.yolov11,d2f5fa0d-e8b5-4299-8fd5-b1b09b715b05,train,0
my-raccoons.v1i.yolov11,869920e4-7dca-4e1f-ba15-cdc02e99deaa,train,0
my-raccoons.v1i.yolov11,1b32ca7e-fc94-4616-93a2-d73e253c5263,train,0
my-raccoons.v1i.yolov11,4db20b58-a75c-4815-8fb5-64018d67cdd3,train,0
my-raccoons.v1i.yolov11,d575a2db-d66c-44af-8569-fad7d63fedf9,train,0
my-raccoons.v1i.yolov11,38846d91-be22-4f00-87fa-3729d9104201,train,0
my-raccoons.v1i.yolov11,2650c7e6-7d6d-4ff9-90da-a8e14b12fde0,train,0
my-raccoons.v1i.yolov11,68d9c907-741c-41ba-9567-ee806d36d4c7,train,0
my-raccoons.v1i.yolov11,de93f26e-467b-46d8-82a2-baf3257ea891,train,0
my-raccoons.v1i.yolov11,b05cd101-e08b-476d-93e0-6ca38a407869,train,0
my-raccoons.v1i.yolov11,0a54e07f-4fbe-408d-be4b-1a59b2f25d84,train,0
my-raccoons.v1i.yolov11,ea9a7ef5-f3e4-469e-8115-3f0d1059e17c,train,0
my-raccoons.v1i.yolov11,91630e34-48f2-4276-81bb-d26bed3bd0b0,train,0
my-raccoons.v1i.yolov11,61b64b04-6ac3-4658-9291-c1975e172dcf,train,0
my-raccoons.v1i.yolov11,14242ad6-fede-4d50-ac4e-24395dfdef3e,train,0
my-raccoons.v1i.yolov11,9b202650-d004-4ea3-8a6a-bb3233491fa7,train,0
my-raccoons.v1i.yolov11,b72052b4-9549-4077-a171-412876c0cbbd,train,0
my-raccoons.v1i.yolov11,894e5106-55f8-46eb-8e62-de2c2867e2e0,train,0
my-raccoons.v1i.yolov11,b5dd18fa-cb0b-4662-b7b1-2a37f43dc38a,train,0
my-raccoons.v1i.yolov11,fe80f44a-9947-483d-b1c3-dba4076c9ad1,train,0
my-raccoons.v1i.yolov11,0ed2fb9e-4593-417f-9a9a-d6507975b049,train,0
my-raccoons.v1i.yolov11,12bb8760-11fa-4390-8f02-9235656648df,train,0
my-raccoons.v1i.yolov11,3d0f6da1-512d-4064-8c18-2d54cb0d84bd,train,0
my-raccoons.v1i.yolov11,9ca0ef71-3057-4d20-8af1-831a0fdd5606,train,0
my-raccoons.v1i.yolov11,d4b86952-44c8-4d2a-a6c6-0abe1a953344,train,0
my-raccoons.v1i.yolov11,3a1aad46-6c05-421b-8fab-9347f2ccd682,train,0
my-raccoons.v1i.yolov11,5b0e45cf-407c-495f-bca8-fb4847f6942d,train,0
my-raccoons.v1i.yolov11,065d394e-23f7-4744-8db4-bdc6d8eb2c35,train,0
my-raccoons.v1i.yolov11,e471136c-72e6-4528-baab-182d58b6b852,train,0
my-raccoons.v1i.yolov11,dc58e5f5-e1b2-4b61-a230-78c6702bc999,train,0
my-raccoons.v1i.yolov11,2d31fee2-406d-42e1-9078-eb8ea128e671,train,0
my-raccoons.v1i.yolov11,ceffa8e0-c1f7-4830-ab5e-b3a33ca3690d,train,0
my-raccoons.v1i.yolov11,8501708b-1083-4712-893b-c892e4da77d9,train,0
my-raccoons.v1i.yolov11,cc492129-497f-4f54-ae0b-3db35bd622e8,train,0
my-raccoons.v1i.yolov11,b23a6a48-4a86-484e-842f-6821f124e9bd,train,0
my-raccoons.v1i.yolov11,cdcbb713-c3d2-4f7c-b740-c1912587e327,train,0
my-raccoons.v1i.yolov11,9e013e48-17a4-4a41-a0ad-09d14f90efbb,train,0
my-raccoons.v1i.yolov11,ae89ac11-0d99-4866-a54a-4da10bf19416,train,0
my-raccoons.v1i.yolov11,79515c24-20b2-487b-9bad-d4bc9a9ddb6c,train,0
my-raccoons.v1i.yolov11,2775e289-ed47-414c-a6a0-13e8310a48b0,train,0
my-raccoons.v1i.yolov11,8ce58554-4d92-458f-9dae-eebf765379b6,train,0
my-raccoons.v1i.yolov11,35ba09f7-bdde-4b6d-a0fa-4f50a2cc646f,train,0
my-raccoons.v1i.yolov11,89ffe92d-2250-4226-8f65-645d5b2562e4,train,0
my-raccoons.v1i.yolov11,dca1763b-225c-469f-a7b6-cbf7282acab4,train,0
my-raccoons.v1i.yolov11,f0fb7ebd-d545-4796-ab3b-70afa8b60af6,train,0
my-raccoons.v1i.yolov11,808f088a-0010-4f9d-8d1e-8fca75e5128e,train,0
my-raccoons.v1i.yolov11,0154eb2b-768d-4ce9-904d-ac50e293121f,train,0
my-raccoons.v1i.yolov11,a4d6befe-43ef-4031-9979-ea7748dc250f,train,0
my-raccoons.v1i.yolov11,12f2ca0b-1d8c-479d-b32e-48e850e9edbd,train,0
my-raccoons.v1i.yolov11,08760f4e-c28f-43c0-bd61-5df0a086ce42,train,0
my-raccoons.v1i.yolov11,dfe7b778-7b1a-4b6d-a6ce-e36a3936e425,train,0
my-raccoons.v1i.yolov11,fa13fc5d-bce6-44df-9e8f-5e82be59b476,train,0
my-raccoons.v1i.yolov11,4f2d0989-da54-49ef-badb-38b448bc98f4,train,0
my-raccoons.v1i.yolov11,c17cec02-941d-4a8e-9314-11ba4dd95950,train,0
my-raccoons.v1i.yolov11,e5279b89-cbe5-4c57-836c-806b30a7ae11,train,0
my-raccoons.v1i.yolov11,76a4ce38-a184-49dc-99c3-58c60ce075bf,train,0
my-raccoons.v1i.yolov11,143866e2-83ce-4cee-a884-80ffbd1979c7,train,0
my-raccoons.v1i.yolov11,e1efc9b7-8081-473d-a867-844fb814ca6f,train,0
my-raccoons.v1i.yolov11,16099fe1-69f8-420d-a8ef-5efce4464091,train,0
my-raccoons.v1i.yolov11,261da830-9950-42f9-a131-be3b21ed6740,train,0
my-raccoons.v1i.yolov11,5d78ed6d-05a6-4bc7-8d7d-d2dd03496419,train,0
my-raccoons.v1i.yolov11,d40e62c3-96fb-4fc3-9e08-9ece544f2ece,train,0
my-raccoons.v1i.yolov11,a65d8a0e-55e5-4fed-87b5-bef9716d176a,train,0
my-raccoons.v1i.yolov11,fb4f60f8-4c44-46ed-b3aa-f6e7742bcf04,train,0
my-raccoons.v1i.yolov11,e6c3ba72-b417-4161-b0c6-ee243e3508ab,train,0
my-raccoons.v1i.yolov11,d518fed1-533c-4256-b743-a79080c9a2e9,train,0
my-raccoons.v1i.yolov11,34bcda7f-e5eb-40b2-babc-3637c96a9c51,train,0
my-raccoons.v1i.yolov11,e4ffddc2-acd6-496e-afa4-836b7ee9bf3b,train,0
my-raccoons.v1i.yolov11,1f623835-44ad-4894-987c-58b3e8ba9b4f,train,0
my-raccoons.v1i.yolov11,de1c394c-3c22-4311-94d0-912f5b2c5e8a,train,0
my-raccoons.v1i.yolov11,04db05f5-82c2-4329-9113-dfece313ddb7,train,0
my-raccoons.v1i.yolov11,bd054b52-2400-436a-87f3-457465e66efe,train,0
my-raccoons.v1i.yolov11,0636234b-7c14-4eb5-b1da-45d82fd76828,train,0
my-raccoons.v1i.yolov11,f0667767-a6a3-401f-a941-c93f49ffa5c1,train,0
my-raccoons.v1i.yolov11,60f99ef0-c91d-4fd9-987f-e7d3518c821d,train,0
my-raccoons.v1i.yolov11,ebcbaf99-f734-4314-91a7-6edcc6db6402,train,0
my-raccoons.v1i.yolov11,a7402884-22e8-4c5b-9c5c-eabd916c43fd,train,0
my-raccoons.v1i.yolov11,364f46bb-2643-4f31-94ae-5acf9d08e3bf,train,0
my-raccoons.v1i.yolov11,69cf9bf3-eb41-4d3f-a1b7-f9490e94f632,train,0
my-raccoons.v1i.yolov11,f8081082-60a7-477b-a3ff-b7cdc8bca969,train,0
my-raccoons.v1i.yolov11,d9e61178-0033-439c-96c1-6f3f144f5d65,train,0
my-raccoons.v1i.yolov11,729654d4-0da0-47cd-8f85-71d37c3fd734,train,0
my-raccoons.v1i.yolov11,92c658ee-b941-45f7-9208-647b9d660863,train,0
my-raccoons.v1i.yolov11,8281e4e0-fe7d-403a-bb45-fec2be1e7486,train,0
my-raccoons.v1i.yolov11,02b102f7-f490-4064-b36c-135a9635c489,train,0
my-raccoons.v1i.yolov11,9811469c-fff9-4e9d-9bcc-f358f60f95e8,train,0
my-raccoons.v1i.yolov11,299448bf-8780-4612-bd88-fa1769fa68ba,train,0
my-raccoons.v1i.yolov11,0d3c8188-01d1-4fe3-b94f-fc5c3e3e3c76,train,0
my-raccoons.v1i.yolov11,bde476ab-8b84-49b5-8580-85fd843c55e1,train,0
my-raccoons.v1i.yolov11,bbbbfe56-c2a1-41e4-b6ad-721e8e2d22dd,train,0
my-raccoons.v1i.yolov11,baed346c-9195-4ffb-98b5-59eeb93ede67,train,0
my-raccoons.v1i.yolov11,992f0c6d-2657-4b20-9891-796ca0962f88,train,0
my-raccoons.v1i.yolov11,203a1d4e-7961-4cf1-aec7-053d8bff6fd3,train,0
my-raccoons.v1i.yolov11,0e836401-57d7-46d1-8e28-9c15383d1d3e,train,0
my-raccoons.v1i.yolov11,0497cc7f-5d75-42d1-a7a7-8d46518133e4,train,0
my-raccoons.v1i.yolov11,9c760141-8d54-4162-aca9-1e6bbdcc7212,train,0
my-raccoons.v1i.yolov11,2378ae06-d8d7-4492-80fb-dfbd3cb2ea56,train,0
my-raccoons.v1i.yolov11,b67f83a9-f50f-43b1-9f58-b6a908bb5d32,train,0
my-raccoons.v1i.yolov11,29696b02-609a-4b5f-a3bb-ba44be78edca,train,0
my-raccoons.v1i.yolov11,74cd854c-c195-4e4d-8e8f-3631619b6e76,train,0
my-raccoons.v1i.yolov11,bd212a1a-fea8-48a3-b55b-4e1bdd284352,train,0
my-raccoons.v1i.yolov11,3adbac2a-4219-4d26-84f7-b253b4a5f356,train,0
my-raccoons.v1i.yolov11,d403c100-3e01-4395-91ee-4addc73ebe36,train,0
my-raccoons.v1i.yolov11,79f92da3-95e5-40bb-8a18-a733b6cb080c,train,0
my-raccoons.v1i.yolov11,f3d01e87-31f0-4d7e-ab56-1a2ce9673079,train,0
my-raccoons.v1i.yolov11,cb1656f5-297e-4caf-892f-b96f88128c66,train,0
my-raccoons.v1i.yolov11,e561b701-63cd-415f-858b-56ecb1ce7afe,train,0
my-raccoons.v1i.yolov11,173c8006-02c3-4651-8012-a733b7cd56a0,train,0
my-raccoons.v1i.yolov11,8922850b-b290-4685-a267-9152ccda3b1d,train,0
my-raccoons.v1i.yolov11,bf31271a-fc3d-4af1-b139-c599c49e5cae,train,0
my-raccoons.v1i.yolov11,85664f3d-4e31-4d3b-8422-165191ccd533,train,0
my-raccoons.v1i.yolov11,d471e88d-1d2f-4378-93e5-c2bb590cdada,train,0
my-raccoons.v1i.yolov11,5e49b525-d62b-4064-9503-a44c8c1582a1,train,0
my-raccoons.v1i.yolov11,bd0361a4-01b9-4e0c-8b2c-c7a1c0b4f2e3,train,0
my-raccoons.v1i.yolov11,247d8b8a-e5fb-4469-94cb-bcb930cc8644,train,0
my-raccoons.v1i.yolov11,dc1b480f-a7ca-4e71-a5b9-8b7a2dd564a3,train,0
my-raccoons.v1i.yolov11,054fd58d-69b6-4a06-8064-72a9efb505d1,train,0
my-raccoons.v1i.yolov11,4c696d1a-85e1-4106-8a30-61a87310e82a,train,0
my-raccoons.v1i.yolov11,a360f244-7c56-40e4-b5ea-7e2592091b87,train,0
my-raccoons.v1i.yolov11,df8c9383-032c-46ca-8b54-b2e34c4d9978,train,0
my-raccoons.v1i.yolov11,920c890b-fd7f-415f-af19-fd27fe7a8637,train,0
my-raccoons.v1i.yolov11,6b32dc96-fa31-4c9b-aed2-52e0e8fc7f94,train,0
my-raccoons.v1i.yolov11,f09dfd71-15b4-4d98-99b3-8aad16a53513,train,0
my-raccoons.v1i.yolov11,055fee02-5303-4a88-a3ae-f17855cf75f4,train,0
my-raccoons.v1i.yolov11,71b77762-4e5d-409a-9fae-79d4486adfcd,train,0
my-raccoons.v1i.yolov11,da383fbd-5e99-4fac-97d1-66cfeb199ebf,train,0
my-raccoons.v1i.yolov11,f3ac63cb-9839-4755-b317-e24acb028fe6,train,0
my-raccoons.v1i.yolov11,0216d366-7d5c-4416-9c63-1b0e45194488,train,0
my-raccoons.v1i.yolov11,fde6c117-6369-4e5f-a8e8-f3e7a9457fa3,train,0
my-raccoons.v1i.yolov11,0466daa0-14fa-4a98-a118-6659d6df0e7b,train,0
my-raccoons.v1i.yolov11,2f3bb2b3-0ea1-430b-a0bb-729575883508,train,0
my-raccoons.v1i.yolov11,97a14a2b-0de6-4ab3-9014-8d70618676b6,train,0
my-raccoons.v1i.yolov11,1534443d-b21a-4881-ae08-b7be70245661,train,0
my-raccoons.v1i.yolov11,33d167b7-8eec-4651-bcc7-14d10afca5fa,train,0
my-raccoons.v1i.yolov11,a167edd9-7157-4935-a0f8-7c9c0b1d77e6,train,0
my-raccoons.v1i.yolov11,83263930-18b4-4a5f-aa55-05a3e4618a59,valid,0
my-raccoons.v1i.yolov11,749c50b5-524d-4914-9815-1ae9ab2803f9,valid,0
my-raccoons.v1i.yolov11,03902972-9992-4310-a6e2-4c4edcb67470,valid,0
my-raccoons.v1i.yolov11,01f2adc5-10d0-441f-90ae-6ca28edfc2b7,valid,0
my-raccoons.v1i.yolov11,9be4314b-f14b-497f-a17b-09d9c4ba8ea0,valid,0
my-raccoons.v1i.yolov11,716de258-31b3-4d81-8729-ae9885ee707e,valid,0
my-raccoons.v1i.yolov11,e506772f-3bc6-4af8-8a11-e78a10d204c4,valid,0
my-raccoons.v1i.yolov11,2c89c614-360c-4a6b-83ee-20dc5d30b646,valid,0
my-raccoons.v1i.yolov11,e2fdef67-c22c-4c5b-ab61-b973ca56cf74,valid,0
my-raccoons.v1i.yolov11,be429953-5c83-4ac4-8222-257fb01f3dc1,valid,0
my-raccoons.v1i.yolov11,b902bf9b-18f7-47d8-af0d-1abd176942a3,valid,0
my-raccoons.v1i.yolov11,1594a29e-61f2-4502-8389-be2cb905310a,valid,0
my-raccoons.v1i.yolov11,c463cad2-c71a-449f-839d-bff829622698,valid,0
my-raccoons.v1i.yolov11,8615a5b7-5612-46a6-8ca7-beae7dffc6d0,valid,0
my-raccoons.v1i.yolov11,ade86738-b606-46e9-a0f5-0fbf033a0657,valid,0
my-raccoons.v1i.yolov11,e8af9e62-3735-4cc4-a99b-cda69114805f,valid,0
my-raccoons.v1i.yolov11,bb0ff6e2-bb5f-4ba1-b94d-18408d100bb5,valid,0
my-raccoons.v1i.yolov11,643ffb05-a891-4b0b-8bb6-8657626b6ad3,valid,0
my-raccoons.v1i.yolov11,c0a88e38-437d-4968-96e2-8c0dfaaee82b,valid,0
my-raccoons.v1i.yolov11,24566036-15f0-4cce-92d8-328335fbf219,valid,0
my-raccoons.v1i.yolov11,7bf540f4-94a5-4ab5-8599-d576c539d920,valid,0
my-raccoons.v1i.yolov11,6cd8fb50-4380-484c-ac37-b14b672d7d09,valid,0
my-raccoons.v1i.yolov11,48a9b638-f271-4529-86d1-5acd597794f4,valid,0
my-raccoons.v1i.yolov11,e2ecd6f0-4719-4a81-b483-fc8406e2174c,valid,0
my-raccoons.v1i.yolov11,91331900-55fe-4897-ad6e-266139087c2d,valid,0
my-raccoons.v1i.yolov11,bd410710-5e26-4e3a-84cd-926a07b11779,valid,0
my-raccoons.v1i.yolov11,1de86338-7591-4982-b8d0-08a5016c1744,valid,0
my-raccoons.v1i.yolov11,30aff598-5286-4b06-908a-a39b2ccca2c8,valid,0
my-raccoons.v1i.yolov11,44b95757-c8cb-47ff-b42f-36f5a7063b31,valid,0
my-raccoons.v1i.yolov11,001fa33f-1bee-4818-87ab-1eb8f571399c,test,0
my-raccoons.v1i.yolov11,5a4ffec1-9cde-49a7-816f-3efdb5dc6553,test,0
my-raccoons.v1i.yolov11,4717fc7b-0aaa-44d4-8edc-c76cc349355c,test,0
my-raccoons.v1i.yolov11,51b5f38d-cc66-4a1d-9dda-44359eeb4bbd,test,0
my-raccoons.v1i.yolov11,b37900c2-3a80-42e9-881e-0c0983b5d6f0,test,0
my-raccoons.v1i.yolov11,bfe32776-3804-47f9-8c98-616fb5c4b0bf,test,0
my-raccoons.v1i.yolov11,916a33bb-f7b7-4649-80e7-f1ec45fa9fea,test,0
my-raccoons.v1i.yolov11,036979d3-640a-4405-b0ea-145187e3de25,test,0
my-raccoons.v1i.yolov11,f035fee3-e33c-4c9f-9631-397de9345c61,test,0
my-raccoons.v1i.yolov11,017589bc-8c55-4aa1-ad15-15833ab89cf3,test,0
my-raccoons.v1i.yolov11,9f0cfb7f-7294-4d00-bb6b-e3a58b171564,test,0
my-raccoons.v1i.yolov11,ebaa81f2-0793-406f-8f49-69f37f4f7249,test,0
my-raccoons.v1i.yolov11,e6969b39-50b9-4cff-87fd-a761398c7ca3,test,0
my-raccoons.v1i.yolov11,adbe6ba1-6fbf-4a9a-afbd-ceba8d98ccd6,test,0
my-raccoons.v1i.yolov11,6e7ed3c6-77ee-406e-b17c-c6cad7c1fbc6,test,0
my-raccoons.v1i.yolov11,299821ff-b26e-4bf7-b773-97e235d19134,test,0
my-raccoons.v1i.yolov11,a680fb6c-fa5e-49cb-8d56-1f6f21f5a07e,test,0
Raccoon.v2-raw.yolov11,d1c09eb9-e39e-4049-8503-7916991322dd,train,0
Raccoon.v2-raw.yolov11,78b3db26-4e04-4f3d-b36c-2afdbc970503,train,0
Raccoon.v2-raw.yolov11,b66fea83-56ca-4069-8dc3-1cb31a06450b,train,0
Raccoon.v2-raw.yolov11,02aea4b5-a1a0-44df-a1f2-5fc92e07e17e,train,0
Raccoon.v2-raw.yolov11,784bf1fe-d22f-4ed7-9af7-8c6483e2546a,train,0
Raccoon.v2-raw.yolov11,6f946a7b-fd49-441a-adad-db730798e85e,train,0
Raccoon.v2-raw.yolov11,a33b974c-0c41-4892-8f89-5c798b5b2878,train,0
Raccoon.v2-raw.yolov11,509a76d3-a97a-41ac-b15f-f0e345609384,train,0
Raccoon.v2-raw.yolov11,bbfb1df0-6eb6-4f58-b884-36027129fff5,train,0
Raccoon.v2-raw.yolov11,d52e04e2-d027-47d4-a5a1-2e46403385ac,train,0
Raccoon.v2-raw.yolov11,1ffdb0b4-bad3-416b-acc5-60a0381f8322,train,0
Raccoon.v2-raw.yolov11,4fd1d2db-e753-42f3-948d-1e523041fc0c,train,0
Raccoon.v2-raw.yolov11,e5db07bf-5a91-4a1b-97e3-3acb3a1fd99b,train,0
Raccoon.v2-raw.yolov11,851ad427-929f-4a8c-afce-b205be42fffa,train,0
Raccoon.v2-raw.yolov11,c23fb1ea-620f-4e1a-b7ab-03a1a49c4c78,train,0
Raccoon.v2-raw.yolov11,40003f2f-480c-47ef-9b1e-583cea44de9d,train,0
Raccoon.v2-raw.yolov11,c5bb2bc0-0222-433b-bdd2-08c1d841807d,train,0
Raccoon.v2-raw.yolov11,9dd7714c-deba-49ad-82c6-667bb0c9f615,train,0
Raccoon.v2-raw.yolov11,e85865c3-a774-4f1c-8eb4-8b3ba1f80303,train,0
Raccoon.v2-raw.yolov11,830ce85d-6afc-46d9-9b8b-6768bde58d85,train,0
Raccoon.v2-raw.yolov11,6c5bae54-58b3-479f-b393-51c151b58434,train,0
Raccoon.v2-raw.yolov11,91ba5c4f-e648-4ac6-aef8-3d65565bd0a0,train,0
Raccoon.v2-raw.yolov11,6b77920e-9fb0-4083-a27b-a9161a201202,train,0
Raccoon.v2-raw.yolov11,9ba0aecb-1cb4-476d-8bcd-946c75176cad,train,0
Raccoon.v2-raw.yolov11,19eef45e-dd87-46b3-ba89-a4aa998de492,train,0
Raccoon.v2-raw.yolov11,9e2b51b5-5d1c-40a3-b041-962db6d818fd,train,0
Raccoon.v2-raw.yolov11,d3e83631-4aeb-48b5-8132-9b8b66aca86a,train,0
Raccoon.v2-raw.yolov11,614c3340-bc71-4b8b-aaee-04d0bdc891b0,train,0
Raccoon.v2-raw.yolov11,f27a8099-9555-48a2-88db-cae00c0a3d90,train,0
Raccoon.v2-raw.yolov11,9a6daf9b-2c8d-44c0-990c-5d1e2655725e,train,0
Raccoon.v2-raw.yolov11,7caaf915-76fb-4681-ba2e-984f97ac126c,train,0
Raccoon.v2-raw.yolov11,ad3d1e76-f5b3-4835-bbbf-6915bd44bcda,train,0
Raccoon.v2-raw.yolov11,bc0eea1a-9aca-44a9-bb6a-f728afde1c4c,train,0
Raccoon.v2-raw.yolov11,ef084b21-2a4b-41ff-b371-7a1b89e7014d,train,0
Raccoon.v2-raw.yolov11,7d674d38-b130-45f3-b59d-89dec082a0d3,train,0
Raccoon.v2-raw.yolov11,e08a5ca5-eccb-4737-9527-03530e787f4a,train,0
Raccoon.v2-raw.yolov11,3ff1576d-6712-47fa-a590-6ac0cf95a106,train,0
Raccoon.v2-raw.yolov11,39bc2839-a43e-4e69-b83b-bc7ffb36481e,train,0
Raccoon.v2-raw.yolov11,ed95fe4e-8c73-48b6-ae1f-b005d8bce2f7,train,0
Raccoon.v2-raw.yolov11,20c292e8-3116-4801-9c8e-3159f87456c6,train,0
Raccoon.v2-raw.yolov11,e294c01b-0423-4528-9dc4-8af0827cefcb,train,0
Raccoon.v2-raw.yolov11,052b4fd6-7d54-4051-a790-3db940def6c7,train,0
Raccoon.v2-raw.yolov11,654aeb6e-ad22-4b0b-99e3-fbf6c2f6da0f,train,0
Raccoon.v2-raw.yolov11,963ce82f-9889-49fd-afa5-0477a3fe0af5,train,0
Raccoon.v2-raw.yolov11,88689ac4-38ae-4dfe-ae2f-3665aa5ccc0c,train,0
Raccoon.v2-raw.yolov11,4eb961b8-aca4-46d8-8ae7-af465eab3fd2,train,0
Raccoon.v2-raw.yolov11,71921b15-0cb6-4d22-b606-aea739d96174,train,0
Raccoon.v2-raw.yolov11,2c5f99b1-87fa-493b-83a0-c5b819bc7d96,train,0
Raccoon.v2-raw.yolov11,1e4cc607-e60e-428b-a625-475a86b06a7e,train,0
Raccoon.v2-raw.yolov11,aa50db23-6e0f-42dc-aab1-23bf7cf7405d,train,0
Raccoon.v2-raw.yolov11,94325c2b-bbdb-4607-ab46-8eda8a059ddd,train,0
Raccoon.v2-raw.yolov11,7505ec21-76b9-41d1-a51e-518aac22a10e,train,0
Raccoon.v2-raw.yolov11,23b71d31-be31-4430-b4ec-e1308817f220,train,0
Raccoon.v2-raw.yolov11,0da11cb5-f10d-48f4-8586-42b1cb9cc109,train,0
Raccoon.v2-raw.yolov11,e528ed45-68c5-4f3c-aea6-3fc0464d5285,train,0
Raccoon.v2-raw.yolov11,54e4e71d-d389-418d-883f-c8340638090a,train,0
Raccoon.v2-raw.yolov11,ed72a1a4-185f-4456-8741-9fc8f069362d,train,0
Raccoon.v2-raw.yolov11,2206308a-d3c9-43e6-83ab-7d2d01d205a3,train,0
Raccoon.v2-raw.yolov11,6fb366ff-4c64-4fec-ac51-7b7991dc501b,train,0
Raccoon.v2-raw.yolov11,4be95927-6a3b-4c9a-a59d-e6c3cd266592,train,0
Raccoon.v2-raw.yolov11,8537f217-0892-41e0-807b-64b545ad038d,train,0
Raccoon.v2-raw.yolov11,7a7deccc-0bd7-4fa6-97e9-cd715ad3bc52,train,0
Raccoon.v2-raw.yolov11,84f8263f-9e04-4d1f-ab4f-71f73e556371,train,0
Raccoon.v2-raw.yolov11,715116fb-9ab0-4450-b74e-e9ff269bbdd3,train,0
Raccoon.v2-raw.yolov11,ee7953d2-c5e5-4291-ba19-258a9bed0d1c,train,0
Raccoon.v2-raw.yolov11,06175b11-ac6c-488d-ac12-f1dbcc697687,train,0
Raccoon.v2-raw.yolov11,34bb363d-b7e4-46ac-91c2-ee70526b8d52,train,0
Raccoon.v2-raw.yolov11,9d32ffab-50d3-4bf2-88f8-d4dfa632c736,train,0
Raccoon.v2-raw.yolov11,8612138b-a164-47d5-94a0-6a588861e654,train,0
Raccoon.v2-raw.yolov11,9b9a3bd8-3a57-4a07-817a-9180313396d9,train,0
Raccoon.v2-raw.yolov11,1d96dbfe-7acf-473a-9bf4-f316ac7a2a4b,train,0
Raccoon.v2-raw.yolov11,cc6353af-3f77-4dcc-a03c-541a97328dc3,train,0
Raccoon.v2-raw.yolov11,052b92c8-8871-4173-a400-85949c0a7078,train,0
Raccoon.v2-raw.yolov11,40c04fbc-66c2-4106-81c3-8b7d28ba16fa,train,0
Raccoon.v2-raw.yolov11,58195659-e2f2-4279-b7ef-14a55a63092a,train,0
Raccoon.v2-raw.yolov11,65fffffc-d1be-4f2f-9d17-17689b3336e5,train,0
Raccoon.v2-raw.yolov11,2cdbba6e-a070-4b94-b065-30d209c09519,train,0
Raccoon.v2-raw.yolov11,fdae90d0-ebc4-42d7-a210-a4e56f97a9f5,train,0
Raccoon.v2-raw.yolov11,7f93e9e6-8576-4ff0-8c62-c63e61a200e8,train,0
Raccoon.v2-raw.yolov11,8e9f16bd-6c3a-4e55-a84f-1cb0612529fc,train,0
Raccoon.v2-raw.yolov11,af7bf708-4ee6-4a99-a1b9-1360d9559c6a,train,0
Raccoon.v2-raw.yolov11,43d0dd27-599e-40d2-91c0-48a0cfe3df31,train,0
Raccoon.v2-raw.yolov11,7f83f9c4-2ae4-4fe3-b979-3f6374846e22,train,0
Raccoon.v2-raw.yolov11,fe9ab04b-05ab-428b-a015-a4751225be7b,train,0
Raccoon.v2-raw.yolov11,cc306f6e-c8c0-4a03-b619-1c3e3b186cec,train,0
Raccoon.v2-raw.yolov11,3b171ccc-a90d-45e8-bf4a-c85fc89e95a4,train,0
Raccoon.v2-raw.yolov11,c47d94c3-f9d5-411d-a4af-8caac1a92199,train,0
Raccoon.v2-raw.yolov11,4763ff7b-9bf9-4e16-b2f4-cb83fafd6728,train,0
Raccoon.v2-raw.yolov11,c9c1840f-b16c-494c-b9a0-ad4ce094f0a8,train,0
Raccoon.v2-raw.yolov11,4ba9d3fa-bd5b-463f-9922-63a545bc4cfc,train,0
Raccoon.v2-raw.yolov11,08173baa-21f4-4c84-b07d-5e699b5fe30e,train,0
Raccoon.v2-raw.yolov11,765e83e0-5373-43fc-baae-be78052a450c,train,0
Raccoon.v2-raw.yolov11,83a26b0b-e0c1-477e-85d2-0c2a9c40b314,train,0
Raccoon.v2-raw.yolov11,2fdb15d7-3738-4cc0-9991-e6c000cf5ee3,train,0
Raccoon.v2-raw.yolov11,2b8f067f-fb7a-45b6-8899-3e9ecba3e0ca,train,0
Raccoon.v2-raw.yolov11,36cc4be4-45c4-4ad4-ad78-69c8d83fd96c,train,0
Raccoon.v2-raw.yolov11,0383450a-9f1a-4f21-9173-eae5f520d8b4,train,0
Raccoon.v2-raw.yolov11,ed18ebd3-63ee-4b43-8049-91145683c9f8,train,0
Raccoon.v2-raw.yolov11,c1020913-1ab8-4180-89e1-dc4bd424926d,train,0
Raccoon.v2-raw.yolov11,90e618b3-f44e-43d4-bfcd-77d2f2a68a62,train,0
Raccoon.v2-raw.yolov11,482cacff-f684-4f96-9fcb-daa689870c0e,train,0
Raccoon.v2-raw.yolov11,ebca7156-e7e0-4190-a9e6-949c7d4bc9b1,train,0
Raccoon.v2-raw.yolov11,9347f3d9-5a74-436b-afc9-52d9868abfa5,train,0
Raccoon.v2-raw.yolov11,32e460b0-9399-4c76-beaa-fdbb9c725a24,train,0
Raccoon.v2-raw.yolov11,e25f1c1d-0f64-4cb1-9a54-b923facb1712,train,0
Raccoon.v2-raw.yolov11,b8be657e-cd64-43d2-965e-332401676aa4,train,0
Raccoon.v2-raw.yolov11,d75b6fd0-08b3-47e3-b861-1a49740d3a97,train,0
Raccoon.v2-raw.yolov11,41483842-7d50-447b-8032-3ced8ab91eaa,train,0
Raccoon.v2-raw.yolov11,ce7ef4e7-8521-468d-852a-4f8135a9ca01,train,0
Raccoon.v2-raw.yolov11,e7da3d66-6525-4f3e-a333-89866debff94,train,0
Raccoon.v2-raw.yolov11,a1268003-6d22-4117-9d5d-afffcc2fb446,train,0
Raccoon.v2-raw.yolov11,f41adbb9-f586-4782-bc86-1a59a5397369,train,0
Raccoon.v2-raw.yolov11,247beab1-a8b9-40fd-bd99-fdd5b228560e,train,0
Raccoon.v2-raw.yolov11,d5bc1d55-159d-4804-9c2e-d9a6188fda5e,train,0
Raccoon.v2-raw.yolov11,3c06a6f7-821e-49a2-becd-cf681c96fca8,train,0
Raccoon.v2-raw.yolov11,3c2be73e-272f-4fe7-bef6-a966916136f5,train,0
Raccoon.v2-raw.yolov11,f6833561-a60d-4c6e-b166-0b837a3ade70,train,0
Raccoon.v2-raw.yolov11,0465e1a4-b45f-47eb-ab44-06ccbaa8dcfc,train,0
Raccoon.v2-raw.yolov11,05b15338-a948-40fd-8e8b-20c96d70749e,train,0
Raccoon.v2-raw.yolov11,65ad395b-5d27-4a5d-9556-5f506ade2e10,train,0
Raccoon.v2-raw.yolov11,7ae6291e-b67e-4afa-9c24-63168b6b0c9f,train,0
Raccoon.v2-raw.yolov11,d694aac1-c831-4d77-8ac6-dba70ee62de3,train,0
Raccoon.v2-raw.yolov11,ca8dba43-042c-4406-9292-355217e5f4fe,train,0
Raccoon.v2-raw.yolov11,077927dc-28a8-4476-8535-dea2965e306a,train,0
Raccoon.v2-raw.yolov11,a8d20b75-cf1f-4a8f-992e-6f36f9c7e168,train,0
Raccoon.v2-raw.yolov11,cb7fa0e5-97a4-474a-a21d-343ffc9ef108,train,0
Raccoon.v2-raw.yolov11,aecd65e7-a701-41f7-8340-86c7ba2ec38c,train,0
Raccoon.v2-raw.yolov11,8c385e64-2925-4c02-a7b3-e50103c59327,train,0
Raccoon.v2-raw.yolov11,2232f017-b794-4d69-8fb7-ec8ee3712b4c,train,0
Raccoon.v2-raw.yolov11,75224f6a-8033-4b63-9f86-2e96f5cb0352,train,0
Raccoon.v2-raw.yolov11,862021b9-9acb-4358-8337-9f3beeb7c139,train,0
Raccoon.v2-raw.yolov11,624f5cf3-2c0f-4014-a89b-7047e44e72ac,train,0
Raccoon.v2-raw.yolov11,8c399f34-adf6-4724-8725-614717177f63,train,0
Raccoon.v2-raw.yolov11,e0d15021-bdf3-4d9b-a2d1-add450992c47,train,0
Raccoon.v2-raw.yolov11,07203682-8642-409a-b92e-fdae678d6b0e,train,0
Raccoon.v2-raw.yolov11,21794d6a-7a48-4fcc-be74-03d98a7ca03b,train,0
Raccoon.v2-raw.yolov11,fc29f942-93f7-46c5-9472-84c662edf7a2,train,0
Raccoon.v2-raw.yolov11,77a5f7c1-94bc-44cc-8e0e-356aa2eed256,train,0
Raccoon.v2-raw.yolov11,93901216-2518-409b-bece-918689234675,train,0
Raccoon.v2-raw.yolov11,b2d3b95c-1f01-4995-8de4-594e22131633,train,0
Raccoon.v2-raw.yolov11,c4af3ef8-b3e6-4775-ae1e-a7212bdb9c23,train,0
Raccoon.v2-raw.yolov11,3856fa3a-b1d7-4324-bbc7-e030d477e0ca,train,0
Raccoon.v2-raw.yolov11,ad8cc4ac-f7ad-4676-8887-20053ac6a695,train,0
Raccoon.v2-raw.yolov11,efa23d2b-0a77-4b99-a986-db936f853fac,train,0
Raccoon.v2-raw.yolov11,259d8b67-8153-4f1c-9525-f6607e39667d,train,0
Raccoon.v2-raw.yolov11,3967ca51-85ab-4d5e-9fd9-b4e2ea7f5d9e,train,0
Raccoon.v2-raw.yolov11,c654ab38-3694-4cb4-9096-92ef753dea73,train,0
Raccoon.v2-raw.yolov11,de3fb5ce-2892-40a2-8c40-8f92a7cbaafa,train,0
Raccoon.v2-raw.yolov11,fc04d612-b859-45a4-afdc-1484fefb1aa6,train,0
Raccoon.v2-raw.yolov11,5b3dbbc0-a298-4e82-97ed-d60cb5edf1a8,train,0
Raccoon.v2-raw.yolov11,634c9a53-5c18-4262-9491-41c8f0094db9,valid,0
Raccoon.v2-raw.yolov11,0a4b35d0-4e77-4004-9527-2356af54be60,valid,0
Raccoon.v2-raw.yolov11,47b6d415-49b9-4c1c-9932-98367d939a4b,valid,0
Raccoon.v2-raw.yolov11,3f971a65-512b-4894-b25e-04dd6d720f9d,valid,0
Raccoon.v2-raw.yolov11,a3e586d6-e2d7-447d-929d-eda0dcea1624,valid,0
Raccoon.v2-raw.yolov11,598ed02a-1320-4560-b86c-d0f68af9fc80,valid,0
Raccoon.v2-raw.yolov11,492a88e3-c92a-4bfb-9a47-ae9e4a01d5d8,valid,0
Raccoon.v2-raw.yolov11,51208e2e-fefe-4c9d-9bc9-6a5ae517b06c,valid,0
Raccoon.v2-raw.yolov11,735aa290-ec33-4aa4-be73-4bf062078053,valid,0
Raccoon.v2-raw.yolov11,22a99d60-c901-44d0-a1d8-9784e1a45d3e,valid,0
Raccoon.v2-raw.yolov11,683bde42-f9a2-493a-9bfa-e6e83dcd641d,valid,0
Raccoon.v2-raw.yolov11,36bf8a10-9528-4423-af57-96a69421d9de,valid,0
Raccoon.v2-raw.yolov11,26d3cd9a-15ee-4227-a4f5-71e3bb5da98d,valid,0
Raccoon.v2-raw.yolov11,c5de5f6b-7484-42ca-ba70-4ceb69395dd9,valid,0
Raccoon.v2-raw.yolov11,28a87a02-3d89-4d17-bf93-2562e7378acf,valid,0
Raccoon.v2-raw.yolov11,ae586455-fd06-4ead-b18c-3bafb38f592a,valid,0
Raccoon.v2-raw.yolov11,1e1725bd-9d8e-4742-a781-718dd46370ac,valid,0
Raccoon.v2-raw.yolov11,54fe6a5b-74ab-40c9-b375-cbe58163b582,valid,0
Raccoon.v2-raw.yolov11,6b3cda52-4fbc-42ba-93f7-d3f49cc0ea4a,valid,0
Raccoon.v2-raw.yolov11,de8b4349-1ee9-4d47-94c7-af57133dd8e4,valid,0
Raccoon.v2-raw.yolov11,ac1ccc4b-440b-41b8-8deb-bb57fdfd80da,valid,0
Raccoon.v2-raw.yolov11,8234db99-38df-482a-9ecd-502652165e7e,valid,0
Raccoon.v2-raw.yolov11,478bc856-467c-4e5d-894d-e6a932e65e93,valid,0
Raccoon.v2-raw.yolov11,03108400-d1fa-47a5-8424-a661522f2221,valid,0
Raccoon.v2-raw.yolov11,08887fff-7d7a-4be1-bac7-8902326e270c,valid,0
Raccoon.v2-raw.yolov11,4d0e2f6d-03c0-466e-8981-7b51bafadbdf,valid,0
Raccoon.v2-raw.yolov11,46ad32b8-ea5d-4c51-a341-ac4320968881,valid,0
Raccoon.v2-raw.yolov11,0176cf1d-8654-4b29-bf0d-c9e6c04c39ca,valid,0
Raccoon.v2-raw.yolov11,dee04a16-ff59-4b95-9ecf-faf8f9cb404e,valid,0
Raccoon.v2-raw.yolov11,96083a04-e8d9-4342-a136-296e4e0796bb,test,0
Raccoon.v2-raw.yolov11,f6bc5893-8d8e-4e34-b86f-326e207412af,test,0
Raccoon.v2-raw.yolov11,706217c8-827b-4c56-b3a7-8edef26ec136,test,0
Raccoon.v2-raw.yolov11,68b1ffb1-619b-4613-9244-831f81409b71,test,0
Raccoon.v2-raw.yolov11,42392d21-d1d7-4672-b78f-593733a8c954,test,0
Raccoon.v2-raw.yolov11,9d62c957-8629-42e0-9251-206340977e32,test,0
Raccoon.v2-raw.yolov11,1b449d26-b037-4ff1-a192-eb3da4f11db5,test,0
Raccoon.v2-raw.yolov11,4c2c3173-8d9e-4b4c-87f7-cc477905f0d3,test,0
Raccoon.v2-raw.yolov11,a78aedbf-6882-4602-b3e9-f7573ba32db3,test,0
Raccoon.v2-raw.yolov11,6e3d92e4-b170-4697-ae8a-d0eeb8b07f33,test,0
Raccoon.v2-raw.yolov11,3ae2115f-85f6-4a1f-9b9c-ff367ac83baf,test,0
Raccoon.v2-raw.yolov11,2470c010-b2bf-45f7-92d4-c1acba2098ce,test,0
Raccoon.v2-raw.yolov11,c083d970-1711-409f-a68a-00a900c271d0,test,0
Raccoon.v2-raw.yolov11,21c24491-ec6a-4cd8-9cf3-6d1dbbe5e7e4,test,0
Raccoon.v2-raw.yolov11,f565855e-1585-41f5-adcd-aee9ac29e96b,test,0
Raccoon.v2-raw.yolov11,c7b5565c-3c92-442c-a078-cace9a95128a,test,0
Raccoon.v2-raw.yolov11,9fdb9f0f-1450-45ec-a086-8dc5b7f31e62,test,0
